1,curried green bean salad
2,keema aloo
3,paratha
4,black chana with potato
5,tomato cucumber kachumbar
6,masoor dal
7,coconut chutney
8,tamarind sauce fish curry
9,kashmiri lamb
10,chicken tikka masala
11,naan
12,mulligatawny soup
13,vegetarian korma
14,chicken tikka masala
15,chicken curry
16,chicken makhani
17,red lentil curry
18,butter chicken
19,spicy vegan potato curry
20,chicken curry
21,carrot rice
22,chickpea curry
23,butter chicken
24,baingan bharta
25,aloo phujia
26,indian tandoori chicken
27,chicken tandoori
28,basmati rice
29,chicken korma
30,tomato chicken
31,mango lassi
32,palak paneer
33,dal with spinach
34,chicken tikka masala
35,beef samosas
36,chicken curry
37,masoor daal
38,spicy chicken and mango curry
39,baingan bharta
40,chicken curry
41,shrimp curry
42,aloo gobi
43,coconut tofu keema
44,chapati
45,chicken tikka masala
46,aloo gobi
47,kheer
48,fish curry
49,garam masala
50,chicken stew with coconut milk
51,okra curry
52,chicken makhani
53,naan
54,saffron rice
55,chicken biryani
56,dal
57,cauliflower and broccoli soup
58,korma
59,aloo matar
60,curried chicken and brown rice casserole
61,cucumber raita
62,keema
63,sheekh kabab
64,tandoori chicken
65,kulfi
66,chilli coconut curry
67,keema aloo
68,relish
69,"rice with cashews, raisins and turmeric"
70,shrimp curry
71,potato curry
72,chana masala
73,chicken korma
74,apricot chicken
75,cod curry
76,coconut rice
77,curried mango chicken
78,vegetarian chickpea curry with turnips
79,vegetable pakoras
80,butter chicken
81,barley pilaf
82,banana bread
83,stir-fried shrimp in cream sauce
84,chicken curry
85,curried cumin potatoes
86,tofu keema
87,moong dal
88,vegetable masala
89,gobi masala
90,mulligatawny soup
91,coconut vegetarian curry
92,curried cauliflower
93,sherry chicken curry
94,spicy chicken curry
95,saag
96,saffron rice
97,coconut fish curry
98,chickpea curry
99,chicken tikka masala
100,curried chickpeas
101,peanut stew
102,butter lamb gravy
103,saag paneer
104,chole saag
105,green beans
106,paneer
107,tofu vindaloo
108,chicken and rice
109,spicy sweet potato salad
110,pork loin
111,raita
112,butter chicken
113,"carrots, peas and potatoes"
114,yogurt-marinated salmon fillets
115,palak paneer
116,sweet bread
117,roomali roti
118,vegetable rice
119,chicken curry
120,tandoori fish
121,channa masala
122,chickpeas
123,pumpkin curry with lentils and apples
124,chicken korma
125,roti
126,naan
127,roasted curried chicken with couscous
128,curried cauliflower soup
129,spicy roasted chickpeas
130,chicken saag
131,cauliflower and tofu masala
132,curried chicken and rice
133,maharaja curry
134,potatoes madras
135,spicy peach chutney
136,kashmiri-style kidney beans with turnips
137,chicken hariyali tikka
138,chicken
139,chicken curry with quinoa
140,lamb madras curry
141,chickpea curry
142,kashmiri lamb
143,hot turmeric milk
144,aloo gobi
145,veggie samosas
146,cucumber peanut salad
147,vegetable biryani
148,garam masala seared salmon with coconut-curry butter
149,roasted grapes and carrots
150,strawberry lassi
151,beef and spinach curry
152,aloo gobi
153,apple chutney
154,shahi paneer
155,curry sauce
156,green chutney
157,bunjal chicken
158,vegetable bhaji
159,spicy lentil dip
160,curried chicken and potatoes
161,rajma
162,sweet and spicy curry with chickpeas
163,dal makhani
164,gulab jamun
165,chicken biryani
166,chicken tikka masala
167,cilantro jalapeno pesto with lime
168,curry powder
169,spicy chicken curry
170,rajma
171,samosas
172,punjabi chicken gravy
173,chicken korma
174,chapati
175,aloo gobi
176,nariyal burfi
177,okra curry
178,sweet tamarind chutney
179,pantry curried quinoa with garbanzo beans and roasted peppers
180,pork chops
181,hot curried mangos with tofu
182,chai
183,mango lassi
184,"pineapple, lime, and ginger soup"
185,jeera fried rice
186,sweet potato and lentil soup
187,chicken chicken curry
188,spiced rice
189,chicken curry
190,spinach and cauliflower bhaji
191,carrot and peanut salad
192,spicy eggplant
193,barbeque chicken
194,spiced rice
195,jeera rice
196,spiced rice treats
197,mango-pineapple chutney
198,masala-spiced roast chicken
199,beef vindaloo
200,chicken saag
201,spiced tomato lentil soup
202,coconut curried tofu with green beans and coconut rice
203,carrot
204,peas and cauliflower
205,vegetable biryani
206,pulao
207,chicken curry
208,chicken vindaloo
209,baingan bharta
210,garam masala
211,pav bhaji
212,curried peas
213,curried chicken
214,chana masala
215,sweet potato samosas
216,paneer
217,coconut curry
218,butter chicken
219,peanut rice
220,curried pork chops and cauliflower with basmati rice
221,samosa
222,cupcakes
223,cucumber-cilantro raita
224,tandoori chicken
225,lamb shanks
226,potatoes
227,carrot and cilantro soup
228,chana masala
229,lamb biryani
230,rice pilaf
231,curried corn
232,curry
233,chicken curry
234,tofu curry salad
235,chickpea curry
236,chai tea latte
237,curried lamb
238,tofu masala
239,sweet lamb curry
240,lassi
241,spiced eggplant
242,seared salmon with cream sauce
243,masoor dal
244,chicken biryani
245,mango lassi
246,masala chai
247,quinoa biryani
248,okra curry
249,lamb curry
250,cilantro garlic chicken
251,salmon fry
252,kedgeree
253,reshmi kebab
254,spicy baked cod fillets
255,paneer curry
256,quick and okra
257,aloo gobi
258,black pepper goat curry
259,kale and spinach saag
260,besan halwa
261,pot roast
262,curried stew with lamb
263,tandoori chicken
264,spicy chicken with green masala
265,masala beef with ginger and curry leaf
266,hot chocolate
267,turmeric milk
268,naan
269,salad
270,chicken curry
271,spinach and buttermilk soup
272,chicken wings
273,curry rice
274,sukha urad dal
275,vendakka paalu
276,mango lassi
277,ras malai
278,margherita pizza with prosciutto
279,paneer butter masala
280,turnip with coconut
281,tomato chutney
282,coconut sevai
283,chicken with cilantro
284,biriyani
285,spicy yogurt dressing
286,green pea poulourie
287,naan
288,curry sauce
289,turkey curry
290,curried beef with vegetables
291,burger
292,chicken curry
293,chicken fry
294,chai tea
295,spicy swordfish
296,pork vindaloo
297,seitan makhani
298,chicken curry
299,lamb shank vindaloo
300,fettuccine
301,halibut
302,curried hash browns
303,baked chicken curry
304,paneer makhani
305,sabji
306,spicy dry fried curry chicken
307,chocolate chai
308,mulligatawny soup
309,matar paneer
310,chickpea salad
311,vegetable curry
312,lamb korma
313,mango coconut sauce
314,spicy chicken in tomato-coconut sauce
315,egg salad
316,carrot-bean sprouts salad
317,grilled chicken
318,spicy mango-mint lassi
319,spicy shrimp
320,paneer jalfrazie
321,bangaladumpa upma koora
322,spicy tomato soup
323,prawns in cashew coconut curry
324,lentil kootu
325,"chicken with tomato, peas, and cilantro"
326,kebab massalam
327,spinach and tomato dal
328,meat samosa
329,prawns
330,"pumpkin, butter bean, and spinach curry"
331,garlic spicy chicken
332,mango smoothie
333,dosa
334,vegetable koftas
335,pumpkin soup
336,yogurt samosa
337,carrot soup
338,chaat - dahi batata puri
339,cauliflower fritters
340,sambar
341,saffron rice with raisins and cashews
342,prawn biryani
343,cilantro chutney
344,banana curry
345,moong dal with spinach
346,sooji upma
347,kheema malai kofta
348,rose ice cream
349,spicy himalayan tea
350,chicken curry
351,tandoori masala spice mix
352,bhuna gosht
353,potato curry
354,spicy potatoes
355,mango lassi
356,vegetable soup
357,akki rotti
358,butter chicken
359,"grilled lamb chops with curry, apple and raisin sauce"
360,chicken vindaloo
361,tandoori chicken
362,okra fry
363,phulourie
364,tangy rice
365,aloo baigan
366,charred eggplant raita
367,omlete
368,cornish hens
369,lassi
370,potato cutlets
371,mustard fish
372,gobi masala cauliflower curry
373,curried chicken with rice
374,coconut chutney
375,fish in ginger-tamarind sauce
376,minty cucumber raita
377,sarson ka saag
378,spiced chickpeas
379,mulligatawny
380,palak paneer
381,chutney
382,matar paneer
383,lentils and spinach
384,egg curry
385,cauliflower curry
386,banana lassi
387,wheat chapati
388,chicken and onions
389,chana masala
390,carrot salad
391,frizzled onions
392,beet and yogurt salad
393,chickpea coconut salad
394,chicken sandwiches with chutney
395,sweet corn subji with paneer and cashew nuts
396,cabbage koora
397,aloo palak
398,potato stir-fry
399,chicken with apples
400,lemon lentil rice
401,grilled chicken salad
402,tandoori chicken salad
403,potatoes in spicy peanut and sesame paste
404,bombay potatoes
405,mediterranean yellow rice and vegetables
406,chicken karhaai
407,mushroom curry
408,grilled italian burgers
409,besan ladoo
410,matar pulao with nuts
411,masala tea
412,spicy onions
413,tomato soup
414,tangy chicken with pistachios and fruit
415,"cabbage, tomato and onion salad"
416,curd rice
417,chicken roti
418,curd rice
419,vegetable rice
420,kiwi raita
421,masala coffee
422,prawn malai curry
423,chicken salad with mango chutney
424,chicken rub
425,potato curry
426,tandoori chicken skewers
427,quinoa pilau
428,palak paneer
429,paneer tikka masala
430,chai tea
431,masala hash browns
432,chicken biryani
433,masoor dal
434,zucchini onion pepper latkes
435,daal makhani
436,tampa coconut cilantro rice
437,spicy chicken
438,spicy chicken
439,egg curry
440,samosa
441,cauliflower and potato stir-fry
442,spicy potato noodles
443,couscous with broccoli and edamame
444,cucumber carrot salad
445,besan laddu
446,beetroot aloo koora
447,kashmiri garam masala
448,malai kulfi
449,tomato onion koora
450,tamarind-date chutney
451,sago sabudana khichdi
452,smoky eggplant and yogurt salad
453,sweet and sour chutney
454,egg halwa
455,tomato and peach chutney
456,"tandoori grilled sausage, chicken and lamb"
457,peach-curry soup
458,matar keema
459,potatoes with fresh ginger and chilies
460,muscat gosht
461,tomato rasam
462,broiled chicken breasts with chutney-lime glaze and broccoli slaw
463,sweet lentil soup with asparagus tips
464,sundal
465,rasgullas
466,chettinad-style chicken
467,ada (adai)
468,vegetable shepherd's pie with baked beans
469,lamb curry pie
470,garam masala
471,curried green bean salad
472,palak paneer
473,cauliflower and potato casserole
474,mulligatawny
475,zucchini soup with curry spices
476,egg bhurji
477,tamarind fish curry
478,chicken with rice
479,chickpea curry
480,shalgam masala
481,butter chicken
482,dal makhani
483,spicy lentil quinoa curry
484,palak paneer
485,butternut squash coconut curry
486,tomato cucumber kachumbar
487,khitchari
488,cauliflower rice
489,tandoori lamb
490,kheema matar
491,chicken biryani
492,yogurt soup
493,chickpeas in tea
494,scrambled eggs
495,bhel puri
496,lamb meatballs over tandoori naan
497,cucumber raita with mint
498,tandoori chicken burgers
499,chai tea ice cream
500,lentil samosas
501,curry vinaigrette dressing
502,samosa
503,shrimp fry
504,apricot chutney
505,kheema pulao
506,pesarattu
507,hara masala murgh
508,khara pongal
509,pork chops with sweet tomato chutney
510,egg kulambu
511,rabri
512,anapakaya paala koora
513,kadhi
514,tomato bhath
515,methi murgh
516,butter chicken
517,prawn curry
518,vegetable pulao
519,mint chutney
520,shrikhand
521,potato chapati
522,tomato chutney
523,carrot soup
524,capsicum zunka
525,awadi dahi murg
526,eggless mango bread
527,kesari bhat
528,vegan yogurt sundae
529,rava laddu
530,bean sprouts soup
531,vegetable pancake
532,adipoli parathas
533,pudina chutney
534,doodhi chana
535,gasagage payasa
536,besan laddu
537,bengali 5-spice
538,poori aloo koora
539,vankaya pulusu pachadi
540,aviyal
541,ginger soup
542,pudina pacchadi
543,bengali fish curry
544,atta halwa
545,cilantro-mint raita
546,stuffed eggplant
547,crepe
548,corn on the cob in onion and yogurt sauce
549,curried scallops with angel hair pasta
550,mulligatawny
551,goat biryani
552,pizza
553,tofu curry
554,curried celery
555,veg biryani
556,onion dipping sauce
557,spicy sesame potatoes
558,brussels sprout pakora
559,raita with mint and cilantro
560,butter chicken
561,vegetable biryani
562,kheer
563,green curry with sweet potato and aubergine
564,chicken marinade
565,shami kebab
566,paratha
567,vegan japanese turnip curry
568,broccoli junka
569,baked gulab jamun
570,gulab jamun
571,kadai chicken
572,chicken cauliflower korma
573,goat curry
574,masala chai
575,watermelon chutney
576,tomato rice
577,chicken tikka masala
578,corn pakoda
579,kathal subzi
580,sweet potato dal
581,ven pongal
582,spicy egg & minced lamb roll
583,milk with turmeric paste
584,strawberry lassi
585,mango lassi
586,prawn pulao
587,masala cabbage soup
588,black chana with potato
589,cranberry thokku
590,palak rice
591,rajma
592,curried potato and spinach soup
593,shami kabab
594,samosa quesadillas with curried cabbage and chickpeas
595,chicken biryani
596,samosa
597,pumpkin curry
598,jeera rice
599,turkey curry
600,shahi tukray
601,cranberry chicken curry
602,paneer
603,rhubarb pineapple chutney
604,chocolate chai coffee
605,pork vindaloo
606,green apple and coconut chutney
607,hot garlic chutney
608,cranberry chutney
609,potato bhaji
610,pea salad
611,onion chutney
612,baked sweet potato samosas
613,mango chutney
614,sambar
615,chicken biryani
616,bread pudding
617,sweet tomato chutney
618,madras dal
619,kadhai murgh with bell pepper
620,coconut curry chicken
621,mango chutney
622,cumin lassi
623,peanut cilantro chutney
624,patholi
625,nimakayya pulihora
626,annam-kobbari parvanam
627,nuvvu podi
628,nargisi kofta
629,vagharela bhath
630,kobbari annam
631,dosa podi with garlic
632,milagai podi
633,paalu mithai
634,malai kofta
635,"bell pepper, tomato, and potato indian curry"
636,tomato raita
637,shahi tukra
638,shahi paneer
639,shahi tukri
640,chutney eggs
641,cilantro relish
642,shahi tukra
643,kobbari louz
644,nimakayya poori koora
645,aaku pappu
646,menthi majjiga
647,shakkara pongal
648,ullipaya tomato chutney
649,curry powder
650,mousse
651,spiced moong beans
652,curry dip
653,mullingi rasam
654,curried mango chutney
655,peach salad
656,paneer tikka
657,curry sauce
658,rice pudding
659,phaal
660,chicken phaal
661,mushroom moong dal dosas
662,dosa
663,dosa
664,paratha
665,green herb pulao
666,boondi raita
667,egg halwa
668,bitter gourd roast
669,potato curry
670,spicy fried shrimp
671,curried cauliflower
672,kishmish badam korma
673,white hot chocolate with cardamom
674,mutton varuval
675,chicken mulligatawny
676,carrot halwa
677,lemon rice
678,chicken madras
679,chicken korma
680,farro and lentil masala
681,lamb shoulder vindaloo
682,egg kulambu
683,potato bonda
684,kachori with fresh peas
685,raisin and olive fettuccine
686,stuffed okra
687,vegetarian keema matar with cucumber raita
688,spaghetti
689,okra fritters
690,dum biryani
691,bhindi subzi
692,bhindi subzi
693,bhindi subzi
694,chili paneer
695,vegetable pulao
696,split black lentil curry
697,goat curry
698,matar paneer
699,goan fish curry
700,red amaranth with onions and garlic
701,sweet curry pumpkin seeds
702,spinach & green pea patties
703,lentil salad
704,dal
705,coconut chicken tikka masala
706,butter chicken chickpeas
707,butter chicken
708,butter chicken stuffed peppers with mint yogurt
709,tandoori roasted vegetable stew
710,tikka masala pie
711,zucchini & parsnip moghlai
712,tuna salad
713,almond burfi
714,coconut and molasses-filled rice dumplings
715,holige
716,curried short ribs
717,madras crab curry
718,peanut chaat
719,khandvi
720,carrot and ginger chutney
721,palak paneer
722,spicy goat curried rice pilaf
723,tomato chutney
724,spicy yellow squash fig chutney
725,chicken stew
726,paneer
727,garadu
728,lamb korma with onion cilantro salad
729,chettinad chicken
730,brinjal in coconut milk
731,paneer makhani
732,egg curry
733,pesaru pappu
734,yellow tarka dal
735,paneer tikka sandwich
736,pomfret fish curry
737,mangalore mutton curry
738,pasta alfredo
739,pasta alfredo
740,fettuccine alfredo
741,aloo beans
742,aloo beans
743,aloo beans
744,aloo bhindi masala
745,aloo bhindi masala
746,bhindi masala
747,aloo methi
748,aloo methi
749,aloo methi paratha
750,aloo paratha
751,aloo paratha
752,aloo paratha
753,appam
754,appam
755,appam
756,apple pie
757,apple pie
758,apple pie
759,babycorn manchurian
760,bacon wraps
761,bacon wrapped asparagus
762,scallops wrapped in bacon
763,banana chips
764,banana chips
765,banana chips
766,dilled bean salad
767,cilantro corn and black bean salad
768,bean salad
769,bisi bele bath
770,bisi bele bath
771,bisi bele bath
772,black forest cake
773,black forest cake
774,black forest cake
775,blueberry cheesecake
776,blueberry cheesecake
777,blueberry cheesecake
778,bread
779,banana bread
780,spiced kumquat nut bread
781,broccoli soup
782,broccoli cheese soup
783,white cheddar cream of broccoli soup
784,burnt garlic fried rice
785,fried sticky rice balls with toasted sesame and scallions
786,curry fried rice
787,butterscotch cake
788,butterscotch cake
789,butterscotch pound cake
790,cajun skillet pasta
791,cajun pasta
792,cajun pasta
793,tortellini salad
794,shrimp ceasar salad
795,ceasar salad with popcorn chicken
796,chakli
797,rice chakli
798,murukku
799,sausage crescent cheese balls
800,chicken cheese ball
801,cheese ball
802,triple cheese burger
803,bacon cheese venison burgers
804,bagel cheese burger
805,cheese fondue
806,cheese fondue
807,cheese fondue
808,texas cheese fries
809,bacon cheese fries
810,texas cheese fries
811,grilled cheese sandwich
812,grilled cheese sandwich
813,grilled cheese sandwiches
814,spinach and feta cheese stuffed chicken
815,broccoli and cheese stuffed chicken
816,"sundried tomato, spinach, and cheese stuffed chicken"
817,chicken biriyani
818,chicken biriyani
819,chicken biriyani
820,bbq chicken burgers
821,bbq chicken burgers
822,buffalo chicken burgers
823,turkey chili
824,turkey chili
825,bbq chicken chili
826,chicken fried rice
827,chicken fried rice
828,thai chicken fried rice with basil and lime leaf
829,chicken frittata
830,chicken and vegetable frittata
831,chicken-spinach frittata with feta & tomatoes
832,chicken alfredo lasagna rolls
833,chicken lasagne
834,chicken alfredo lasagna
835,chicken manchurian
836,chicken manchurian
837,chicken manchurian
838,chicken momo
839,chicken momo
840,chicken momo
841,crock pot chicken and noodles
842,chicken and noodles
843,mongolian chicken noodles
844,lemon chicken pasta
845,chicken pasta
846,cream cheese chicken pasta
847,grilled buffalo chicken pizza
848,bbq chicken pizza
849,buffalo chicken pizza
850,pasta with chicken sausage
851,chicken sausage skillet
852,chicken sausages with peppers
853,chicken shawarma
854,chicken shawarma
855,chicken shawarma
856,crock pot creamy chicken and rice soup
857,chicken soup
858,chicken and lime soup
859,avocado and vietnamese chicken springs rolls
860,chicken spring rolls
861,chicken spring rolls
862,pesto chicken tart
863,pesto chicken tart
864,"chicken, potato, brie & thyme tart with caramelised onions"
865,chickpea burgers
866,chickpeas zucchini burger
867,chickpea spinach burgers
868,chilli chicken
869,turkey chili
870,turkey chili
871,chilli paneer
872,paneer chilly
873,chilli paneer
874,honey chilli potatoes
875,honey chilli potatoes
876,honey chilli potatoes
877,chipotle white bean salad sandwich
878,fiesta dip
879,southwestern rice salad sandwich filling
880,choco lava cake
881,choco lava cake
882,choco lava cake
883,chocolate brownie
884,chocolate brownie
885,fudgy chocolate brownies
886,molten chocolate cakes
887,chocolate cake
888,chocolate cake
889,chocolate cheesecake
890,white chocolate cheesecake
891,chocolate cheesecake
892,chocolate milkshake
893,chocolate milkshake
894,chocolate milkshake
895,bhatura
896,bhatura
897,chole bhature
898,chopsuey
899,chopsuey
900,chopsuey
901,vegetable chowmein
902,egg chowmein
903,cantonese style vegetarian chowmein
904,kadalai paruppu chundal
905,pachai payaru chundal
906,coffee ice cream
907,coffee ice cream
908,coffee ice cream
909,corn palak
910,babycorn palak
911,palak soup
912,corn salad
913,corn salad
914,cilantro corn and black bean salad
915,cream of broccoli
916,white cheddar cream of broccoli soup
917,cream of broccoli
918,curried capsicum masala
919,curried capsicum masala
920,chicken tikka masala
921,dahi batata puri
922,puri
923,dal bhari puri
924,dahi vada
925,dahi vada
926,bread dahi vada
927,dal khichdi
928,dal khichdi
929,dal khichdi
930,methi dal
931,methi dal
932,methi dal
933,dal tadka
934,dal tadka
935,dal tadka
936,daliya idly
937,vegetable daliya khichdi
938,bulgur wheat daliya
939,date ladoo
940,date ladoo
941,date and nut ladoo
942,dhokla
943,khatta dhokla
944,khaman dhokla
945,snickerdoodle donuts
946,baked pumpkin donut holes
947,glazed donuts
948,dry chilli mushroom
949,creamy mushrooms
950,mushroom rice
951,dum aloo
952,dum aloo
953,dum aloo
954,egg rolls
955,egg rolls
956,egg rolls
957,egg sandwich
958,peppers & egg sandwich
959,egg salad sandwich
960,falooda
961,falooda
962,rose falooda
963,filter coffee
964,filter coffee
965,filter coffee
966,amritsari fish
967,amritsari fish
968,amritsari fish
969,fish & chips
970,fish and chips
971,fish and chips
972,fish curry
973,fish curry
974,goan fish curry
975,fish fingers
976,fish fingers
977,fish fingers
978,fried fish
979,masala fish fry
980,vanjaram fish fry
981,grilled fish steaks
982,crusted fish steaks
983,fish steaks dijon
984,french fries
985,french fries
986,french fries
987,french toast
988,french toast
989,french toast
990,korean fried chicken
991,fried chicken
992,fried chicken
993,fried fish
994,coconut fried fish
995,fried fish
996,chicken burrito bowls
997,dragon fruit smoothie
998,acai fruit bowl
999,fruit custard
1000,fruit custard
1001,fruit custard
1002,fruit ice cream
1003,fruit ice cream
1004,fruit ice cream
1005,fruit salad
1006,rainbow fruit salad
1007,vanilla fruit salad
1008,doodhiya gajar matar
1009,aloo gajar matar
1010,gajar matar
1011,garlic bread
1012,garlic bread
1013,cheesy garlic bread
1014,gobi manchurian
1015,gobi manchurian
1016,gobi manchurian
1017,aloo gobi matar
1018,aloo gobi matar
1019,mughlai aloo matar gobi
1020,gobi paratha
1021,gobi paratha
1022,gobi paratha
1023,greek salad
1024,greek salad
1025,greek salad
1026,iced strawberry green tea
1027,strawberry green tea with boba
1028,peach green tea
1029,gulab jamun
1030,gulab jamun
1031,gulab jamun
1032,hashbrowns
1033,hash-brown casserole
1034,cheesy hashbrown casserole
1035,hot and sour soup
1036,hot and sour soup
1037,hot and sour soup
1038,cinnamon ice cream
1039,vanilla ice cream
1040,nutella ice cream
1041,idli
1042,masala idli
1043,idli
1044,indian pickle
1045,lemon pickle
1046,lemon pickle
1047,jalebi
1048,jalebi
1049,jalebi
1050,kachori
1051,mawa kachori
1052,kachori
1053,kadhai chicken
1054,kadhai chicken
1055,kadhai chicken
1056,kadhai paneer
1057,kadhai paneer
1058,kadhai paneer
1059,kaju katli
1060,kaju katli
1061,kaju katli
1062,karela sabzi
1063,bharwan karela
1064,bharwa karela
1065,kesari bath
1066,orange pudding cake
1067,khakhra
1068,methi khakhra
1069,bajra khakhra
1070,kolhapuri usal
1071,misal pav
1072,kolhapuri usal
1073,kulcha
1074,kulcha
1075,kulcha
1076,lamb biriyani
1077,lamb biriyani
1078,lamb biriyani
1079,lamb burger
1080,lamb burger
1081,spiced lamb pita burgers
1082,lemon cheesecake
1083,lemon cheesecake
1084,lemon cheesecake
1085,makki ki roti
1086,makki ki roti
1087,makki di roti
1088,manchow soup
1089,chicken manchow soup
1090,vegetable manchow soup
1091,mango pickle
1092,mango pickle
1093,mango pickle
1094,paneer masala dosa
1095,paneer masala dosa
1096,masala dosa with red chutney
1097,masala papad
1098,masala papad
1099,masala papad
1100,masala puri
1101,methi moong masala puri
1102,chicken tikka masala
1103,matar paneer
1104,matar paneer
1105,matar paneer
1106,methi malai matar
1107,methi matar malai
1108,methi matar malai
1109,methi paratha
1110,methi paratha
1111,methi and palak paratha
1112,mexican burgers
1113,mexican avocado burgers
1114,mexican burgers
1115,mexican rice
1116,mexican rice
1117,mexican rice
1118,mixed vegetable curry
1119,paneer jalfrezi
1120,stuffed vegetable kulcha
1121,makki mooli methi paratha
1122,mooli ka paratha
1123,mooli ka paratha
1124,motichoor ladoo
1125,motichoor ladoo
1126,motichoor ladoo
1127,mozzarella sticks
1128,mozzarella sticks
1129,mozzarella sticks
1130,portobello mushroom burger
1131,mushroom burgers
1132,"mushroom, onion & swiss burger"
1133,chilli mushroom
1134,skillet chili mac with cheese
1135,mushroom and black bean chilli
1136,mushroom arugula pizza
1137,caramelized mushrooms arugula pizza
1138,portobello mushroom pizzas
1139,mutton biriyani
1140,mutton biriyani
1141,mutton biriyani
1142,mutton liver masala
1143,loaded nachos
1144,lentil nachos
1145,lentil nachos
1146,neer dosa
1147,neer dosa
1148,neer dosa
1149,oats
1150,oats
1151,oats
1152,gyeran mari
1153,omelette
1154,omelette
1155,onion parathas
1156,onion paratha
1157,aloo paratha
1158,orange juice
1159,orange juice
1160,orange juice
1161,cheesy palak paneer paratha
1162,palak paratha
1163,palak paratha
1164,pancake
1165,pancake
1166,pancake
1167,paneer bhurji
1168,paneer bhurji
1169,paneer bhurji
1170,paneer curry noodles
1171,singapore style noodles with paneer
1172,chilli paneer with soba noodles
1173,paneer paratha
1174,paneer paratha
1175,paneer paratha
1176,puri
1177,pani puri
1178,pani puri
1179,paniyaram
1180,masala paniyaram
1181,kuzhi paniyaram
1182,masala papad
1183,masala papad
1184,masala papad
1185,pav bhaji
1186,jain pav bhaji
1187,pav bhaji
1188,broccoli pesto pasta
1189,arugula pesto pasta
1190,creamy pesto pasta
1191,pesto zucchini spaghetti
1192,spaghetti with pesto
1193,pesto spaghetti
1194,pizza
1195,pizza
1196,meatball pizza
1197,poha
1198,poha
1199,poha
1200,poori
1201,poori
1202,poori
1203,popcorn
1204,spiced popcorn
1205,popcorn
1206,lasagna
1207,lasagna roll ups
1208,lasagna
1209,pork tacos
1210,pulled pork tacos
1211,bbq pulled pork tacos
1212,mashed potatoes
1213,sweet potatoes
1214,rice and potatoes
1215,potato wedges
1216,potato wedges
1217,potato wedges
1218,prawn biriyani
1219,prawn biriyani
1220,prawn biriyani
1221,spicy prawn soup
1222,prawn laksa soup
1223,vietnamese prawn soup
1224,"chocolate, banana & peanut butter protein shake"
1225,coffee protein shake
1226,strawberry protein shake
1227,garlic pudina paratha
1228,pudina paratha
1229,pudina lachha paratha
1230,puran poli
1231,puran poli
1232,puran poli
1233,ragi balls
1234,ragi balls
1235,nachani bhakari
1236,ragi dosa
1237,ragi dosa
1238,ragi dosa
1239,ragi roti
1240,ragi roti
1241,ragi roti
1242,rajma chawal
1243,rajma chawal
1244,rajma chawal
1245,rasgulas
1246,rasgulas
1247,rava dosa
1248,rava dosa
1249,rava dosa
1250,rava idli
1251,rava idli
1252,rava idli
1253,nettle ravioli
1254,toasted ravioli
1255,fried ravioli
1256,red sauce pasta
1257,red brie pasta sauce
1258,red sauce pasta
1259,red velvet cake
1260,red velvet cake
1261,red velvet cake
1262,steamed rice
1263,steamed rice
1264,persian steamed white rice
1265,rumali roti
1266,rumali roti
1267,spicy mutton gravy
1268,kheer
1269,set dosa
1270,set dosa
1271,masala dosa
1272,sev puri and papdi chat
1273,peanut butter cookies
1274,pork tenderloin with apple jicama slaw
1275,spinach sandwich
1276,"tomato, hummus, and spinach sandwich"
1277,cheesy ham and spinach sandwiches
1278,brussels sprouts salad
1279,brussels sprouts salad
1280,brussels sprouts salad
1281,vegetable stir-fry
1282,vegetable stir-fry
1283,vegetable stir-fry
1284,strawberry milkshake
1285,strawberry milkshake
1286,strawberry milkshake
1287,stuffed mushrooms
1288,stuffed mushrooms
1289,sausage stuffed mushrooms
1290,sugarcane juice
1291,sugarcane pongal
1292,sugarcane shrimp
1293,sushi
1294,sushi
1295,sushi
1296,tandoori roti
1297,tandoori roti
1298,tandoori roti
1299,tawa pulao
1300,tawa pulao
1301,tawa pulao
1302,thepla
1303,thepla
1304,methi thepla
1305,tiramisu
1306,tiramisu
1307,tiramisu
1308,tuna sandwiches
1309,tuna sandwich
1310,tuna sandwich
1311,sooji upma
1312,upma
1313,vegetable upma
1314,pesarattu
1315,medu vada
1316,medhu vada
1317,vada pav
1318,vada pav
1319,vada pav
1320,vada pav
1321,vangi bath
1322,vangi bath
1323,vangi bath
1324,veg cheese burger
1325,bourbon burger
1326,juicy steakhouse burgers
1327,black bean and guac burritos
1328,shredded chicken burritos
1329,cheeseburger burritos
1330,crock pot chicken fajitas
1331,chicken fajitas
1332,chicken fajitas
1333,fried rice
1334,veg fried rice
1335,fried rice
1336,lasagna
1337,lasagna
1338,lasagna stuffed meatloaf
1339,veg manchurian
1340,veg manchurian
1341,veg manchurian
1342,veg momos
1343,veg momos
1344,veg momos
1345,spicy veg noodles
1346,veg hakka noodles
1347,veg hakka noodles
1348,veg puff
1349,veg puff
1350,veg puff
1351,chicken quesadilla
1352,chicken quesadillas
1353,chicken quesadillas
1354,grilled chicken sandwich with avocado and tomato
1355,chicken salad sandwiches
1356,cheese steak sandwiches
1357,pork schnitzel
1358,pork schnitzel
1359,pork schnitzel
1360,veg spring roll
1361,veg spring roll
1362,veg spring roll
1363,vegetable stew
1364,spicy ethiopian lentil stew
1365,crockpot beef stew
1366,shredded chicken tacos
1367,tacos with roasted pineapple salsa
1368,spicy chicken tacos
1369,hummus wraps
1370,chicken caesar salad wraps
1371,chicken parmesan wraps
1372,waffles
1373,waffles
1374,waffles
1375,watermelon juice
1376,watermelon juice
1377,watermelon juice
1378,white sauce for pasta
1379,white sauce for pasta
1380,white sauce recipe for pasta
1381,rice
